title,company,location,link,posted_date,logo,search_keywords,search_location
Software Engineering Internship - X Delivery,Boston Consulting Group (BCG),"Casablanca, Casablanca-Settat, Morocco",https://ma.linkedin.com/jobs/view/software-engineering-internship-x-delivery-at-boston-consulting-group-bcg-4297887682,,https://media.licdn.com/dms/image/v2/D4E0BAQE_RmtwzBSpAg/company-logo_100_100/company-logo_100_100/0/1702568604682/boston_consulting_group_logo?e=2147483647&v=beta&t=jtS_4p6TQ-8pD8IeEdOD3rkgizt17VDQeZ68vp9LoZg,data science internship,Morocco
IT & Data Analyst INTERN,Smollan,Casablanca Metropolitan Area,https://ma.linkedin.com/jobs/view/it-data-analyst-intern-at-smollan-3989957373,,https://media.licdn.com/dms/image/v2/C4D0BAQE1mCFgvs67IA/company-logo_100_100/company-logo_100_100/0/1664191069503/smollan_group_logo?e=2147483647&v=beta&t=VCGn-KUuJ0SEidGZxXeWqU-_Y14S9K1yhQQ-tEtge3E,data science internship,Morocco
Data Analyst Intern - X Delivery,Boston Consulting Group (BCG),"Casablanca, Casablanca-Settat, Morocco",https://ma.linkedin.com/jobs/view/data-analyst-intern-x-delivery-at-boston-consulting-group-bcg-4205211831,,https://media.licdn.com/dms/image/v2/D4E0BAQE_RmtwzBSpAg/company-logo_100_100/company-logo_100_100/0/1702568604682/boston_consulting_group_logo?e=2147483647&v=beta&t=jtS_4p6TQ-8pD8IeEdOD3rkgizt17VDQeZ68vp9LoZg,data science internship,Morocco
Hub Operations InternNew,ALX South Africa,"Casablanca, Casablanca-Settat, Morocco",https://ma.linkedin.com/jobs/view/hub-operations-internnew-at-alx-south-africa-4314636858,,https://media.licdn.com/dms/image/v2/D560BAQH8jPq9AkUVyg/company-logo_100_100/company-logo_100_100/0/1686468942484?e=2147483647&v=beta&t=xfCvi4SKyZHGuDqmUwsxrFn1rwCldidVpDBUURZmgIk,data science internship,Morocco
"Consulting Intern (Starting January 2026, for current students graduating in 2026)",Visa,"Mechouar, Casablanca-Settat, Morocco",https://ma.linkedin.com/jobs/view/consulting-intern-starting-january-2026-for-current-students-graduating-in-2026-at-visa-4298840045,,https://media.licdn.com/dms/image/v2/D4E0BAQHAxoD4chKrgg/company-logo_100_100/B4EZfR2e4JHcAk-/0/1751572410148/visa_logo?e=2147483647&v=beta&t=mZYikLJ1nOM9RYXsRYavU2c7xuzCKWDqH8Q0UzAGrhw,data science internship,Morocco
"Business Development Intern (Starting January 2026, for current students graduating in 2026)",Visa,"Mechouar, Casablanca-Settat, Morocco",https://ma.linkedin.com/jobs/view/business-development-intern-starting-january-2026-for-current-students-graduating-in-2026-at-visa-4298873902,,https://media.licdn.com/dms/image/v2/D4E0BAQHAxoD4chKrgg/company-logo_100_100/B4EZfR2e4JHcAk-/0/1751572410148/visa_logo?e=2147483647&v=beta&t=mZYikLJ1nOM9RYXsRYavU2c7xuzCKWDqH8Q0UzAGrhw,data science internship,Morocco
Stage en statistiques et gestion des bases de données,Stream Lean,Casablanca Metropolitan Area,https://ma.linkedin.com/jobs/view/stage-en-statistiques-et-gestion-des-bases-de-donn%C3%A9es-at-stream-lean-4292186138,,https://media.licdn.com/dms/image/v2/D4E0BAQEszeZ-vXy8bA/company-logo_100_100/company-logo_100_100/0/1719255628544?e=2147483647&v=beta&t=ajApbWzZrMcaSeRNusBCleErUEYwg_x62To8k8Mc5io,stage science de données,Morocco
Data Scientist -Intern,Descartes Underwriting,"Paris, Île-de-France, France",https://fr.linkedin.com/jobs/view/data-scientist-intern-at-descartes-underwriting-4316349399,,https://media.licdn.com/dms/image/v2/D4E0BAQGm02IeP7oVnQ/company-logo_100_100/B4EZb9kG0dHQAQ-/0/1748010823420/descartesunderwriting_logo?e=2147483647&v=beta&t=9TU4kOGfEPzTy9NSJj1ON66CBI9uS-JBVbREQEA4fpU,data science internship,France
R&D Data Scientist -Intern,Descartes Underwriting,"Paris, Île-de-France, France",https://fr.linkedin.com/jobs/view/r-d-data-scientist-intern-at-descartes-underwriting-4316349427,,https://media.licdn.com/dms/image/v2/D4E0BAQGm02IeP7oVnQ/company-logo_100_100/B4EZb9kG0dHQAQ-/0/1748010823420/descartesunderwriting_logo?e=2147483647&v=beta&t=9TU4kOGfEPzTy9NSJj1ON66CBI9uS-JBVbREQEA4fpU,data science internship,France
"Research Scientist Intern, AI Core Machine Learning",Meta,"Paris, Île-de-France, France",https://fr.linkedin.com/jobs/view/research-scientist-intern-ai-core-machine-learning-at-meta-4309509934,,https://media.licdn.com/dms/image/v2/D560BAQHBmbxCDP0JQQ/company-logo_100_100/B56ZlkdQSaI8AQ-/0/1758327015620/meta_logo?e=2147483647&v=beta&t=wKpKTUGAcanUzVRxCutYYO3NJ_Etr5c4n2AbPyOu260,data science internship,France
Data Science Intern,Lyonbiopôle Auvergne-Rhône-Alpes,"Rhône, Auvergne-Rhône-Alpes, France",https://fr.linkedin.com/jobs/view/data-science-intern-at-lyonbiop%C3%B4le-auvergne-rh%C3%B4ne-alpes-4303618458,,https://media.licdn.com/dms/image/v2/C4E0BAQGciSToD0xPaA/company-logo_100_100/company-logo_100_100/0/1634544686532/lyonbiopole_logo?e=2147483647&v=beta&t=Dmtze_A7po0cl0AEkF5TWzXGs8Q7TBP6QL6vXSyrjUw,data science internship,France
Stage – Data Scientist,Quinten Health,"Paris, Île-de-France, France",https://fr.linkedin.com/jobs/view/stage-%E2%80%93-data-scientist-at-quinten-health-4305676490,,https://media.licdn.com/dms/image/v2/D4E0BAQHy48H_kr8CLQ/company-logo_100_100/B4EZjsLPTPGoAU-/0/1756309027905/quinten_health_logo?e=2147483647&v=beta&t=v465Wunbn87GKcMeLwPeWLdpsSc72ettda1OH9Qm6Vs,data science internship,France
"Machine learning / LLM Internship (6 months, Hybrid, French Alps)",Alternative Macro Signals,"Chamonix-Mont-Blanc, Auvergne-Rhône-Alpes, France",https://fr.linkedin.com/jobs/view/machine-learning-llm-internship-6-months-hybrid-french-alps-at-alternative-macro-signals-4302384122,,https://media.licdn.com/dms/image/v2/C4D0BAQEsCe0dk51U4g/company-logo_100_100/company-logo_100_100/0/1630509898338?e=2147483647&v=beta&t=lb_D_euIsOJpCVbEQJh8-cbrZDsuv5TGvW50jWNdBQI,data science internship,France
"Research Scientist Intern, Code Generation (Msc)",Meta,"Paris, Île-de-France, France",https://fr.linkedin.com/jobs/view/research-scientist-intern-code-generation-msc-at-meta-4309525071,,https://media.licdn.com/dms/image/v2/D560BAQHBmbxCDP0JQQ/company-logo_100_100/B56ZlkdQSaI8AQ-/0/1758327015620/meta_logo?e=2147483647&v=beta&t=wKpKTUGAcanUzVRxCutYYO3NJ_Etr5c4n2AbPyOu260,data science internship,France
Data Scientist - Internship /Apprenticeship F/M,Betclic Group,"Bordeaux, Nouvelle-Aquitaine, France",https://fr.linkedin.com/jobs/view/data-scientist-internship-apprenticeship-f-m-at-betclic-group-4312044035,,https://media.licdn.com/dms/image/v2/D4D0BAQG2k178CcGo8w/company-logo_100_100/company-logo_100_100/0/1732006364478/betclicgroup_logo?e=2147483647&v=beta&t=1jSRYrDmGi1uTaN5LrtKlMY29EVMocpDw8eT0UtqV0w,data science internship,France
Sustainability Data Science Intern,Spare-it,"Lyon, Auvergne-Rhône-Alpes, France",https://fr.linkedin.com/jobs/view/sustainability-data-science-intern-at-spare-it-4313254608,,https://media.licdn.com/dms/image/v2/D4E0BAQHndrOKC-frcg/company-logo_100_100/B4EZY29Kv3HYAQ-/0/1744678726997/spareit_logo?e=2147483647&v=beta&t=VfxFKr4-TgDKGjOjzshd1Y6pPWhjr3lmmYI7JggT-bI,data science internship,France
"Research Scientist Intern, Representation Learning",Meta,"Paris, Île-de-France, France",https://fr.linkedin.com/jobs/view/research-scientist-intern-representation-learning-at-meta-4311947502,,https://media.licdn.com/dms/image/v2/D560BAQHBmbxCDP0JQQ/company-logo_100_100/B56ZlkdQSaI8AQ-/0/1758327015620/meta_logo?e=2147483647&v=beta&t=wKpKTUGAcanUzVRxCutYYO3NJ_Etr5c4n2AbPyOu260,data science internship,France
Internship - Data Analyst Assistant TR (H/F),Moët Hennessy,"Paris, Île-de-France, France",https://fr.linkedin.com/jobs/view/internship-data-analyst-assistant-tr-h-f-at-mo%C3%ABt-hennessy-4315246240,,https://media.licdn.com/dms/image/v2/C560BAQEvYWILo11_Xw/company-logo_100_100/company-logo_100_100/0/1630647400372/moethennessy_logo?e=2147483647&v=beta&t=Aojhtrnw4jHLLCoNzs8pRhgiKzzo4CmWvd7_3WFe7YQ,data science internship,France
Data Analyst internship,Procter & Gamble,"Paris, Île-de-France, France",https://fr.linkedin.com/jobs/view/data-analyst-internship-at-procter-gamble-4304649935,,https://media.licdn.com/dms/image/v2/D560BAQEI1MYhkkqixQ/company-logo_100_100/B56ZcYR97xGsAM-/0/1748459053801/procter_and_gamble_logo?e=2147483647&v=beta&t=5FzP2eYZE1kLQhI7oqauxCcS6lhJmyz8OhOT5ttHIlE,data science internship,France
Data Analyst Intern,Joko,"Paris, Île-de-France, France",https://fr.linkedin.com/jobs/view/data-analyst-intern-at-joko-4311158799,,https://media.licdn.com/dms/image/v2/C4E0BAQHQjoMwGfeSzQ/company-logo_100_100/company-logo_100_100/0/1656673817265/jokoapp_logo?e=2147483647&v=beta&t=pu4uYS_nw1GKPF6z9bEsKoIWY56FJff-AESebpX3YSY,data science internship,France
6-month internships - DATA - January or March 2026 - 1700€,L'Oréal,"Clichy, Île-de-France, France",https://fr.linkedin.com/jobs/view/6-month-internships-data-january-or-march-2026-1700%E2%82%AC-at-l-or%C3%A9al-4300487532,,https://media.licdn.com/dms/image/v2/D4E0BAQFEB_g-FWxSrQ/company-logo_100_100/company-logo_100_100/0/1688397792617/loral_logo?e=2147483647&v=beta&t=uaVbqC1juHcoWguipnV67wRtYlmlKirBnL8NgSIHnyU,data science internship,France
Internship in statistical genetics,Ensimag Alumni,"Paris, Île-de-France, France",https://fr.linkedin.com/jobs/view/internship-in-statistical-genetics-at-ensimag-alumni-4297924918,,https://media.licdn.com/dms/image/v2/D4D0BAQED0rdsnZozLA/company-logo_100_100/company-logo_100_100/0/1707231333774/ensimag_alumni_logo?e=2147483647&v=beta&t=Q4r5XvNSBClXDyUPMpimAO4rf74DrII6cVz3Rev_9Xc,data science internship,France
Stagiaire Media Data - OCTOBER 2025,Loewe,"Paris, Île-de-France, France",https://fr.linkedin.com/jobs/view/stagiaire-media-data-october-2025-at-loewe-4313335881,,https://media.licdn.com/dms/image/v2/C4E0BAQEn2U3U5Ff8SQ/company-logo_100_100/company-logo_100_100/0/1631301503520?e=2147483647&v=beta&t=CDxwJgpP6IlBL50SjYwtLLhjU_1qMASQlftFX2-UMe8,data science internship,France
Early Careers: Software Engineering & Machine Learning,Nabla,"Paris, Île-de-France, France",https://fr.linkedin.com/jobs/view/early-careers-software-engineering-machine-learning-at-nabla-4311985319,,https://media.licdn.com/dms/image/v2/D4E0BAQF4fVlai6-NUQ/company-logo_100_100/B4EZl1j8ktGcAQ-/0/1758613981857/nablahq_logo?e=2147483647&v=beta&t=EqoQVkH1QO-uSSvDv3QSmu58eBnx8MiBUptP6zgKUb4,data science internship,France
Analytics Engineer Intern,SWEEP,"Paris, Île-de-France, France",https://fr.linkedin.com/jobs/view/analytics-engineer-intern-at-sweep-4315227258,,https://media.licdn.com/dms/image/v2/D4E0BAQFO01Qi-WK2oQ/company-logo_100_100/company-logo_100_100/0/1720392364255/sweep_softwareforsustainability_logo?e=2147483647&v=beta&t=qjtfPh1FkRqU0mKk1uGJbYYcsKtkOr3hpVKOQ8FUkPk,data science internship,France
Data Analyst Internship - Business m/f/d,Deezer,"Paris, Île-de-France, France",https://fr.linkedin.com/jobs/view/data-analyst-internship-business-m-f-d-at-deezer-4304970946,,https://media.licdn.com/dms/image/v2/D4D0BAQGxr7R2V6QvTg/company-logo_100_100/company-logo_100_100/0/1699380258796/deezer_logo?e=2147483647&v=beta&t=tIlsBSxLAG6NyH_an26Xc3xqULhjytfzpN1KT5zYRTU,data science internship,France
Stage Data Scientist - IT (H/F) - Canada,EIC - Experience Internship Canada,"Paris, Île-de-France, France",https://fr.linkedin.com/jobs/view/stage-data-scientist-it-h-f-canada-at-eic-experience-internship-canada-4244688249,,https://media.licdn.com/dms/image/v2/D4E0BAQGXY7qnCo_L8w/company-logo_100_100/B4EZY_yCeuG0AQ-/0/1744826804461/experience_internship_canada_logo?e=2147483647&v=beta&t=83yonKe2EfZd-JOJC4JF4UlMZper6c2JdrwpDJbiNQ4,data science internship,France
Internship - Data Analyst Assistant (H/F),Moët Hennessy,"Paris, Île-de-France, France",https://fr.linkedin.com/jobs/view/internship-data-analyst-assistant-h-f-at-mo%C3%ABt-hennessy-4304576287,,https://media.licdn.com/dms/image/v2/C560BAQEvYWILo11_Xw/company-logo_100_100/company-logo_100_100/0/1630647400372/moethennessy_logo?e=2147483647&v=beta&t=Aojhtrnw4jHLLCoNzs8pRhgiKzzo4CmWvd7_3WFe7YQ,data science internship,France
Data Analyst Internship - Strategic Partnerships m/f/d,Deezer,"Paris, Île-de-France, France",https://fr.linkedin.com/jobs/view/data-analyst-internship-strategic-partnerships-m-f-d-at-deezer-4304988184,,https://media.licdn.com/dms/image/v2/D4D0BAQGxr7R2V6QvTg/company-logo_100_100/company-logo_100_100/0/1699380258796/deezer_logo?e=2147483647&v=beta&t=tIlsBSxLAG6NyH_an26Xc3xqULhjytfzpN1KT5zYRTU,data science internship,France
Internship - Data Analytics F/M,Betclic Group,"Bordeaux, Nouvelle-Aquitaine, France",https://fr.linkedin.com/jobs/view/internship-data-analytics-f-m-at-betclic-group-4308172567,,https://media.licdn.com/dms/image/v2/D4D0BAQG2k178CcGo8w/company-logo_100_100/company-logo_100_100/0/1732006364478/betclicgroup_logo?e=2147483647&v=beta&t=1jSRYrDmGi1uTaN5LrtKlMY29EVMocpDw8eT0UtqV0w,data science internship,France
"Research Scientist Intern, AI Core Machine Learning (PhD)",Meta,"Paris, Île-de-France, France",https://fr.linkedin.com/jobs/view/research-scientist-intern-ai-core-machine-learning-phd-at-meta-4313321055,,https://media.licdn.com/dms/image/v2/D560BAQHBmbxCDP0JQQ/company-logo_100_100/B56ZlkdQSaI8AQ-/0/1758327015620/meta_logo?e=2147483647&v=beta&t=wKpKTUGAcanUzVRxCutYYO3NJ_Etr5c4n2AbPyOu260,data science internship,France
Strategy & AI Analyst Intern,耐克森中国,"Courbevoie, Île-de-France, France",https://fr.linkedin.com/jobs/view/strategy-ai-analyst-intern-at-%E8%80%90%E5%85%8B%E6%A3%AE%E4%B8%AD%E5%9B%BD-4310140993,,https://media.licdn.com/dms/image/v2/C510BAQELcqAhxKqLqg/company-logo_100_100/company-logo_100_100/0/1630566703546/nexanschina_logo?e=2147483647&v=beta&t=dHLSkGXPlbIUcAWrlZidgzExhWGUKTg3SMA1_49OLFE,data science internship,France
Stage Intelligence Artificielle - IT (H/F) - Canada,EIC - Experience Internship Canada,"Paris, Île-de-France, France",https://fr.linkedin.com/jobs/view/stage-intelligence-artificielle-it-h-f-canada-at-eic-experience-internship-canada-4293111300,,https://media.licdn.com/dms/image/v2/D4E0BAQGXY7qnCo_L8w/company-logo_100_100/B4EZY_yCeuG0AQ-/0/1744826804461/experience_internship_canada_logo?e=2147483647&v=beta&t=83yonKe2EfZd-JOJC4JF4UlMZper6c2JdrwpDJbiNQ4,data science internship,France
Internship - Graduate Program DA/DS/DI F/M,Betclic Group,"Bordeaux, Nouvelle-Aquitaine, France",https://fr.linkedin.com/jobs/view/internship-graduate-program-da-ds-di-f-m-at-betclic-group-4308177449,,https://media.licdn.com/dms/image/v2/D4D0BAQG2k178CcGo8w/company-logo_100_100/company-logo_100_100/0/1732006364478/betclicgroup_logo?e=2147483647&v=beta&t=1jSRYrDmGi1uTaN5LrtKlMY29EVMocpDw8eT0UtqV0w,data science internship,France
Data Analyst - Climate Expert - Internship,Greenly | Certified B Corp,"Paris, Île-de-France, France",https://fr.linkedin.com/jobs/view/data-analyst-climate-expert-internship-at-greenly-certified-b-corp-4290818488,,https://media.licdn.com/dms/image/v2/D560BAQFsqDKQbiz2qg/company-logo_100_100/B56Zku6v7OKAAQ-/0/1757428777760/greenly_earth_logo?e=2147483647&v=beta&t=Xw4qlhccIO_P4B5nDcKkFh9dgueRuX-b7eUu-aeNiOw,data science internship,France
ATR - Internship - Geospatial Data Science (F/M),Airbus,"Toulouse, Occitanie, France",https://fr.linkedin.com/jobs/view/atr-internship-geospatial-data-science-f-m-at-airbus-4299257727,,https://media.licdn.com/dms/image/v2/C4D0BAQF2j_LDG_TOzg/company-logo_100_100/company-logo_100_100/0/1631375371456/airbusgroup_logo?e=2147483647&v=beta&t=EndIJG29pwq698iB4dcza3K8EFEdyvkrxhRn2q8HVgE,data science internship,France
DATA ANALYST INTERNSHIP W/M,Allianz Trade en France,Greater Paris Metropolitan Region,https://fr.linkedin.com/jobs/view/data-analyst-internship-w-m-at-allianz-trade-en-france-4311126382,,https://media.licdn.com/dms/image/v2/C4D0BAQGyfjHGzlEypA/company-logo_100_100/company-logo_100_100/0/1648454666388/allianz_trade_france_logo?e=2147483647&v=beta&t=4sAdkIub35zTrY2FFa2QpVLQk7_Awh12WMJ2Jt0m4EU,data science internship,France
"Research Scientist Intern, AI-Driven Neural Interfaces (PhD)",Meta,"Paris, Île-de-France, France",https://fr.linkedin.com/jobs/view/research-scientist-intern-ai-driven-neural-interfaces-phd-at-meta-4292755942,,https://media.licdn.com/dms/image/v2/D560BAQHBmbxCDP0JQQ/company-logo_100_100/B56ZlkdQSaI8AQ-/0/1758327015620/meta_logo?e=2147483647&v=beta&t=wKpKTUGAcanUzVRxCutYYO3NJ_Etr5c4n2AbPyOu260,data science internship,France
"Intern, Software Development & AI",Symphony,"Sophia Antipolis, Provence-Alpes-Côte d'Azur, France",https://fr.linkedin.com/jobs/view/intern-software-development-ai-at-symphony-4306240569,,https://media.licdn.com/dms/image/v2/D560BAQEj0XEBQJCPqQ/company-logo_100_100/company-logo_100_100/0/1719837522360/symphonycomm_logo?e=2147483647&v=beta&t=SYRuEUvtlQA6_qdpz_0XvpQ-wksZqkvmdy43gENxUug,data science internship,France
CEO Founder Associate Intern,Alan,"Paris, Île-de-France, France",https://fr.linkedin.com/jobs/view/ceo-founder-associate-intern-at-alan-4209642535,,https://media.licdn.com/dms/image/v2/D4D0BAQHC5r2QBWDy8w/company-logo_100_100/company-logo_100_100/0/1667470432110/avec_alan_logo?e=2147483647&v=beta&t=uJFnYU0Yb4LqHVpU5oMOcedSfP-SEbhKsOk5s5iPA1Y,data science internship,France
"Research and Methodology Expert, Sustainability Frameworks (Internship)",Greenly | Certified B Corp,"Paris, Île-de-France, France",https://fr.linkedin.com/jobs/view/research-and-methodology-expert-sustainability-frameworks-internship-at-greenly-certified-b-corp-4304068738,,https://media.licdn.com/dms/image/v2/D560BAQFsqDKQbiz2qg/company-logo_100_100/B56Zku6v7OKAAQ-/0/1757428777760/greenly_earth_logo?e=2147483647&v=beta&t=Xw4qlhccIO_P4B5nDcKkFh9dgueRuX-b7eUu-aeNiOw,data science internship,France
Internship - Data Analyst Retail & Digital International - H/F/X - YVES ROCHER,Groupe Rocher,"Issy-les-Moulineaux, Île-de-France, France",https://fr.linkedin.com/jobs/view/internship-data-analyst-retail-digital-international-h-f-x-yves-rocher-at-groupe-rocher-4315149072,,https://media.licdn.com/dms/image/v2/D4E0BAQG_hyYJ3Akp9A/company-logo_100_100/company-logo_100_100/0/1680708949631/groupe_rocher_logo?e=2147483647&v=beta&t=hRuPSKkYBqQUeysEIczK92Zm2jnvpAa2o3LACBkfXgo,data science internship,France
Stage: Intelligence artificielle et Science de données appliquées à la gestion de production de données techniques (h/f),Airbus Aircraft,"Toulouse, Occitanie, France",https://fr.linkedin.com/jobs/view/stage-intelligence-artificielle-et-science-de-donn%C3%A9es-appliqu%C3%A9es-%C3%A0-la-gestion-de-production-de-donn%C3%A9es-techniques-h-f-at-airbus-aircraft-4312492115,,https://media.licdn.com/dms/image/v2/C4D0BAQF29sQhBio9eg/company-logo_100_100/company-logo_100_100/0/1630499916895/airbus_logo?e=2147483647&v=beta&t=tOfJ1cKi6TTkzy9uWKqPGmbuIbUACTWT8ehNix5QlHw,data science internship,France
Data Analyst (intern),PayFit,"Paris, Île-de-France, France",https://fr.linkedin.com/jobs/view/data-analyst-intern-at-payfit-4302787957,,https://media.licdn.com/dms/image/v2/C560BAQG8enVUlIaAwA/company-logo_100_100/company-logo_100_100/0/1630584148492/payfit_logo?e=2147483647&v=beta&t=lJ1D1HDBJ7ATTBfgOONUbV4zJpRAnzfXNzsVvQgBjKs,data science internship,France
Emerton Data - Associate Consultant & Data Scientist Internship,Emerton,"Paris, Île-de-France, France",https://fr.linkedin.com/jobs/view/emerton-data-associate-consultant-data-scientist-internship-at-emerton-4309237481,,https://media.licdn.com/dms/image/v2/C510BAQE6Ns53xxW05A/company-logo_100_100/company-logo_100_100/0/1631380403967?e=2147483647&v=beta&t=WvAVUTV_QlSE96qXRxS3NjzSPPm2ghS6ceHP63WFWC8,data science internship,France
STAGE - Ingénieur de recherche en Deep learning (F/H),Dassault Systèmes,"Vélizy-Villacoublay, Île-de-France, France",https://fr.linkedin.com/jobs/view/stage-ing%C3%A9nieur-de-recherche-en-deep-learning-f-h-at-dassault-syst%C3%A8mes-4297274282,,https://media.licdn.com/dms/image/v2/C560BAQHroRzeNTva6Q/company-logo_100_100/company-logo_100_100/0/1631330934922?e=2147483647&v=beta&t=Y_LaLgUh3t_AY4PloiAtAbGGfEr2fGl7C4_RBhQ7Vok,data science internship,France
6-month Internship – Full stack development – January/March 2026,L'Oréal,"St.-Ouen, Île-de-France, France",https://fr.linkedin.com/jobs/view/6-month-internship-%E2%80%93-full-stack-development-%E2%80%93-january-march-2026-at-l-or%C3%A9al-4315097932,,https://media.licdn.com/dms/image/v2/D4E0BAQFEB_g-FWxSrQ/company-logo_100_100/company-logo_100_100/0/1688397792617/loral_logo?e=2147483647&v=beta&t=uaVbqC1juHcoWguipnV67wRtYlmlKirBnL8NgSIHnyU,data science internship,France
Data Engineer - International Internship,Advenworks,"Paris, Île-de-France, France",https://fr.linkedin.com/jobs/view/data-engineer-international-internship-at-advenworks-4264683521,,https://media.licdn.com/dms/image/v2/C4D0BAQG3EXVA2APaxw/company-logo_100_100/company-logo_100_100/0/1631357515359/advenworks_logo?e=2147483647&v=beta&t=jbsgTZnzOs4Z0_E1bxqWGbKSFSv0IfEqBLSALfsRijg,data science internship,France
Luxury Insight Analyst (Internship) - China,Luxurynsight,"Paris, Île-de-France, France",https://fr.linkedin.com/jobs/view/luxury-insight-analyst-internship-china-at-luxurynsight-4305135133,,https://media.licdn.com/dms/image/v2/D4E0BAQHqYluRlHDEIQ/company-logo_100_100/B4EZYgepBwHcAc-/0/1744301625867/luxurynsight_logo?e=2147483647&v=beta&t=3rEZOtKLQRAVGgmgtN-6kcTFFnr2rdYob1VNm0yGmg8,data science internship,France
"Internship, Data Engineering",Qube Research & Technologies,"Paris, Île-de-France, France",https://fr.linkedin.com/jobs/view/internship-data-engineering-at-qube-research-technologies-4310891678,,https://media.licdn.com/dms/image/v2/C4E0BAQEUECsLWfg0Hg/company-logo_100_100/company-logo_100_100/0/1635758716096/qube_rt_logo?e=2147483647&v=beta&t=-mi67QQbOCmIn67lgwFLTTNEoVNvaNacbyMsepi7-_g,data science internship,France
Stage Ingénieur en Deep Learning - IT (H/F) - Canada,EIC - Experience Internship Canada,"Paris, Île-de-France, France",https://fr.linkedin.com/jobs/view/stage-ing%C3%A9nieur-en-deep-learning-it-h-f-canada-at-eic-experience-internship-canada-4293113249,,https://media.licdn.com/dms/image/v2/D4E0BAQGXY7qnCo_L8w/company-logo_100_100/B4EZY_yCeuG0AQ-/0/1744826804461/experience_internship_canada_logo?e=2147483647&v=beta&t=83yonKe2EfZd-JOJC4JF4UlMZper6c2JdrwpDJbiNQ4,data science internship,France
Business Analyst Intern - Commercial (H/F),Picnic Technologies,"Paris, Île-de-France, France",https://fr.linkedin.com/jobs/view/business-analyst-intern-commercial-h-f-at-picnic-technologies-4093055715,,https://media.licdn.com/dms/image/v2/C4D0BAQHS7qmjAasAyw/company-logo_100_100/company-logo_100_100/0/1636644894680/picnictechnologies_logo?e=2147483647&v=beta&t=qCx13rPUpY6z5xZYiq5HpollDJ668ZCl0yzcb6wuSSo,data science internship,France
"Internship, Quantitative Research/Trading",Qube Research & Technologies,"Paris, Île-de-France, France",https://fr.linkedin.com/jobs/view/internship-quantitative-research-trading-at-qube-research-technologies-4310892633,,https://media.licdn.com/dms/image/v2/C4E0BAQEUECsLWfg0Hg/company-logo_100_100/company-logo_100_100/0/1635758716096/qube_rt_logo?e=2147483647&v=beta&t=-mi67QQbOCmIn67lgwFLTTNEoVNvaNacbyMsepi7-_g,data science internship,France
Business Intelligence Analyst Intern (F/M/X),Solvay,"Aubervilliers, Île-de-France, France",https://fr.linkedin.com/jobs/view/business-intelligence-analyst-intern-f-m-x-at-solvay-4315081544,,https://media.licdn.com/dms/image/v2/D4E0BAQHDmC8QNGQzeQ/company-logo_100_100/B4EZfF82i3GcAY-/0/1751372753391/solvay_logo?e=2147483647&v=beta&t=dXmdetN-KbWzGQ1xMTb9zK-9UPkbDWtiNDhGsZExTIc,data science internship,France
"Software Engineer Intern- France, Paris",Dataiku,"Paris, Île-de-France, France",https://fr.linkedin.com/jobs/view/software-engineer-intern-france-paris-at-dataiku-4304220679,,https://media.licdn.com/dms/image/v2/D4E0BAQF79J2ze0Dr_Q/company-logo_100_100/B4EZeifTFHHcAY-/0/1750777803580/dataiku_logo?e=2147483647&v=beta&t=r8C8V2uyoiwCaf_TGFArMWdqvI82qV-yig2MmhwEz0k,data science internship,France
Data Analyst Intern – Business Performance - Internship,Free2move,"Paris, Île-de-France, France",https://fr.linkedin.com/jobs/view/data-analyst-intern-%E2%80%93-business-performance-internship-at-free2move-4307344084,,https://media.licdn.com/dms/image/v2/D4E0BAQFhX56QEAsHPw/company-logo_100_100/company-logo_100_100/0/1695888669884/free2move_logo?e=2147483647&v=beta&t=EQVCCp67OEZ66cOAuRFUxprXZDrfFoF9-8BhaRe2220,data science internship,France
Internship - Data Analyst Assistant - February 2026,Guerlain,"Paris, Île-de-France, France",https://fr.linkedin.com/jobs/view/internship-data-analyst-assistant-february-2026-at-guerlain-4291876765,,https://media.licdn.com/dms/image/v2/C4D0BAQFUiMfnhL0_gQ/company-logo_100_100/company-logo_100_100/0/1641476414704/guerlain_logo?e=2147483647&v=beta&t=f8zJQ7-ypEqRkKNMT4eHHV97sjoKKk4cxeREfqQalmA,data science internship,France
Payment Performance Analyst Intern,La French Tech Taiwan,"Paris, Île-de-France, France",https://fr.linkedin.com/jobs/view/payment-performance-analyst-intern-at-la-french-tech-taiwan-4315671452,,https://media.licdn.com/dms/image/v2/C560BAQFO9YP67Hp2sA/company-logo_100_100/company-logo_100_100/0/1675332370314/frenchtech_taiwan_logo?e=2147483647&v=beta&t=wrulvgjnOtZTTtFEatBry3Okrb3otSTkJ-F9mTan-CA,data science internship,France
"Research Scientist Intern, Comms & Language (PhD) Language Research Scientist",Meta,"Paris, Île-de-France, France",https://fr.linkedin.com/jobs/view/research-scientist-intern-comms-language-phd-language-research-scientist-at-meta-4310297381,,https://media.licdn.com/dms/image/v2/D560BAQHBmbxCDP0JQQ/company-logo_100_100/B56ZlkdQSaI8AQ-/0/1758327015620/meta_logo?e=2147483647&v=beta&t=wKpKTUGAcanUzVRxCutYYO3NJ_Etr5c4n2AbPyOu260,data science internship,France
"Intern, Multi-User QoE","InterDigital, Inc.",Greater Rennes Metropolitan Area,https://fr.linkedin.com/jobs/view/intern-multi-user-qoe-at-interdigital-inc-4315195176,,https://media.licdn.com/dms/image/v2/C4E0BAQEZv9D7lAwH0A/company-logo_100_100/company-logo_100_100/0/1630605532854/interdigital_communications_logo?e=2147483647&v=beta&t=bBMhxEAk1hUc_VHcboPAcVe-836qbBhJ9iTDEo5aM80,data science internship,France
Assistant Chef de Projet SI Europe F/H - STAGE,Christian Dior Couture,"Paris, Île-de-France, France",https://fr.linkedin.com/jobs/view/assistant-chef-de-projet-si-europe-f-h-stage-at-christian-dior-couture-4312356190,,https://media.licdn.com/dms/image/v2/C4D0BAQFf1jQWl-iyPw/company-logo_100_100/company-logo_100_100/0/1630535198645/christian_dior_couture_logo?e=2147483647&v=beta&t=40qhzX8KnRVLYh_sysEitXvrAMWNS5pB5mGezzSTFTI,data science internship,France
Data Science Consultant Intern (H/F),fifty-five,"Paris, Île-de-France, France",https://fr.linkedin.com/jobs/view/data-science-consultant-intern-h-f-at-fifty-five-4316347258,,https://media.licdn.com/dms/image/v2/C4E0BAQG73pqQG4WGgw/company-logo_100_100/company-logo_100_100/0/1676445172134/fifty_five_logo?e=2147483647&v=beta&t=SVDvgYL6DcmZMFm8XZPZ7RuPuBuWZa42ypFwHBxt7Xc,stage science de données,France
Consultant.e en Intelligence Artificielle (Stage de fin d'études),Wavestone,"Paris, Île-de-France, France",https://fr.linkedin.com/jobs/view/consultant-e-en-intelligence-artificielle-stage-de-fin-d-%C3%A9tudes-at-wavestone-4276976257,,https://media.licdn.com/dms/image/v2/D4E0BAQFyqb85NQkquw/company-logo_100_100/company-logo_100_100/0/1724759903350/wavestone_logo?e=2147483647&v=beta&t=W6J2HyilAYBczm27yfZ4kPnfscwYJ0ldonQApVY6og8,stage science de données,France
Stage en Analyse de Données et IA appliquées au Management de Projet (f/h),Airbus Aircraft,"Toulouse, Occitanie, France",https://fr.linkedin.com/jobs/view/stage-en-analyse-de-donn%C3%A9es-et-ia-appliqu%C3%A9es-au-management-de-projet-f-h-at-airbus-aircraft-4312493060,,https://media.licdn.com/dms/image/v2/C4D0BAQF29sQhBio9eg/company-logo_100_100/company-logo_100_100/0/1630499916895/airbus_logo?e=2147483647&v=beta&t=tOfJ1cKi6TTkzy9uWKqPGmbuIbUACTWT8ehNix5QlHw,stage science de données,France
Stage de fin d’études Consultant(e) Data Science - Marketing & Stratégie,Sia,"Paris, Île-de-France, France",https://fr.linkedin.com/jobs/view/stage-de-fin-d%E2%80%99%C3%A9tudes-consultant-e-data-science-marketing-strat%C3%A9gie-at-sia-4306787071,,https://media.licdn.com/dms/image/v2/D4E0BAQFV-HsSw3lYlg/company-logo_100_100/company-logo_100_100/0/1737563199089/sia_partners_logo?e=2147483647&v=beta&t=iqcL_fq4KldnQwUZgnRu_8gDwA401jRc-XQiZS0qkTI,stage science de données,France
Stage de fin d’études Consultant(e) Data Science & IA,Sia,"Paris, Île-de-France, France",https://fr.linkedin.com/jobs/view/stage-de-fin-d%E2%80%99%C3%A9tudes-consultant-e-data-science-ia-at-sia-4313983662,,https://media.licdn.com/dms/image/v2/D4E0BAQFV-HsSw3lYlg/company-logo_100_100/company-logo_100_100/0/1737563199089/sia_partners_logo?e=2147483647&v=beta&t=iqcL_fq4KldnQwUZgnRu_8gDwA401jRc-XQiZS0qkTI,stage science de données,France
Stage BAC+5 - Prédiction de la dégradation post-chirurgie F/H/D,bioMérieux,"Marcy-l’Étoile, Auvergne-Rhône-Alpes, France",https://fr.linkedin.com/jobs/view/stage-bac%2B5-pr%C3%A9diction-de-la-d%C3%A9gradation-post-chirurgie-f-h-d-at-biom%C3%A9rieux-4315328174,,https://media.licdn.com/dms/image/v2/C4D0BAQE1j2CLl4BjUg/company-logo_100_100/company-logo_100_100/0/1631352704212?e=2147483647&v=beta&t=Md6okYjfSBZV-DV3NiTnFOIT3ShnqrpqNA0dFyK_bxU,stage science de données,France
Consultant stagiaire Data & Analytics (H/F),BearingPoint,"Paris, Île-de-France, France",https://fr.linkedin.com/jobs/view/consultant-stagiaire-data-analytics-h-f-at-bearingpoint-4314491687,,https://media.licdn.com/dms/image/v2/D4E0BAQEh1Eh-6uugnA/company-logo_100_100/B4EZcWBwsvHAAU-/0/1748421250249/bearingpoint_logo?e=2147483647&v=beta&t=H42MZqGNY1Idd6qRMzeTOB1uf7Q6twsHVNIwAyBO-Hs,stage science de données,France
Stage H/F : Règlementation chimique – élaboration de Fiches de Données de Sécurité,LVMH RECHERCHE,"Saint-Jean-de-Braye, Centre-Val de Loire, France",https://fr.linkedin.com/jobs/view/stage-h-f-r%C3%A8glementation-chimique-%E2%80%93-%C3%A9laboration-de-fiches-de-donn%C3%A9es-de-s%C3%A9curit%C3%A9-at-lvmh-recherche-4309240779,,https://media.licdn.com/dms/image/v2/D4E0BAQEBObz-ajxCUA/company-logo_100_100/company-logo_100_100/0/1697611501321/lvmh_recherche_logo?e=2147483647&v=beta&t=6YOpjQJydWMMjwdHAA9Y5GGz9p7Ri_-_IcD9tgxwubI,stage science de données,France
Stage Data Consultant - Paris,Artefact,"Paris, Île-de-France, France",https://fr.linkedin.com/jobs/view/stage-data-consultant-paris-at-artefact-4303457641,,https://media.licdn.com/dms/image/v2/D4E0BAQH6_mc4Zb_tjg/company-logo_100_100/company-logo_100_100/0/1719815465190/artefact_global_logo?e=2147483647&v=beta&t=zB-sRByAQzLDeMr12julqcZoyUFdjk8goMW6PUhUWhI,stage science de données,France
Stage - Data Management - IA H/F,NAVAL GROUP,"Cherbourg, Normandy, France",https://fr.linkedin.com/jobs/view/stage-data-management-ia-h-f-at-naval-group-4306196902,,https://media.licdn.com/dms/image/v2/C4D0BAQEfkPHw7TltyA/company-logo_100_100/company-logo_100_100/0/1631330697662?e=2147483647&v=beta&t=88yfYWsSVCAzAVAhFdJBuh90cd9SXMQGfGDR8UrrCYE,stage science de données,France
Consultant·e en Digital & AI Strategy – Stages de fin d’études,Wavestone,"Paris, Île-de-France, France",https://fr.linkedin.com/jobs/view/consultant%C2%B7e-en-digital-ai-strategy-%E2%80%93-stages-de-fin-d%E2%80%99%C3%A9tudes-at-wavestone-4313986501,,https://media.licdn.com/dms/image/v2/D4E0BAQFyqb85NQkquw/company-logo_100_100/company-logo_100_100/0/1724759903350/wavestone_logo?e=2147483647&v=beta&t=W6J2HyilAYBczm27yfZ4kPnfscwYJ0ldonQApVY6og8,stage science de données,France
STAGE 2026 - Market Intelligence Analytics project (M/F),Airbus Protect,Greater Toulouse Metropolitan Area,https://fr.linkedin.com/jobs/view/stage-2026-market-intelligence-analytics-project-m-f-at-airbus-protect-4316065893,,https://media.licdn.com/dms/image/v2/C4E0BAQEyHmYu_u7sdg/company-logo_100_100/company-logo_100_100/0/1657697286504?e=2147483647&v=beta&t=uQrmIHlfyNf-g4jYL3vceEeSCXomiwFkfY-fyCE5sA4,stage science de données,France
"Consultant stagiaire Data for Sales, Marketing & Pricing Strategy (H/F)",BearingPoint,"Paris, Île-de-France, France",https://fr.linkedin.com/jobs/view/consultant-stagiaire-data-for-sales-marketing-pricing-strategy-h-f-at-bearingpoint-4315683425,,https://media.licdn.com/dms/image/v2/D4E0BAQEh1Eh-6uugnA/company-logo_100_100/B4EZcWBwsvHAAU-/0/1748421250249/bearingpoint_logo?e=2147483647&v=beta&t=H42MZqGNY1Idd6qRMzeTOB1uf7Q6twsHVNIwAyBO-Hs,stage science de données,France
Stage 2026- PMO - Digital & Data Science (h/f),Airbus Aircraft,"Toulouse, Occitanie, France",https://fr.linkedin.com/jobs/view/stage-2026-pmo-digital-data-science-h-f-at-airbus-aircraft-4313320551,,https://media.licdn.com/dms/image/v2/C4D0BAQF29sQhBio9eg/company-logo_100_100/company-logo_100_100/0/1630499916895/airbus_logo?e=2147483647&v=beta&t=tOfJ1cKi6TTkzy9uWKqPGmbuIbUACTWT8ehNix5QlHw,stage science de données,France
Stage Data management - Gestion de données industrielles H/F,Stryker,"Montbonnot-Saint-Martin, Auvergne-Rhône-Alpes, France",https://fr.linkedin.com/jobs/view/stage-data-management-gestion-de-donn%C3%A9es-industrielles-h-f-at-stryker-4293802882,,https://media.licdn.com/dms/image/v2/C4E0BAQHa7kowBO7CeQ/company-logo_100_100/company-logo_100_100/0/1631319537543?e=2147483647&v=beta&t=ACgjUcaJK0JmvbVK4mQyK3L-Z2sQzj_vOh_jh3UJaEw,stage science de données,France
Stage - Assistant(e) Business Planner Product Merchandising - janvier 2026,CHANEL,"Paris, Île-de-France, France",https://fr.linkedin.com/jobs/view/stage-assistant-e-business-planner-product-merchandising-janvier-2026-at-chanel-4273720338,,https://media.licdn.com/dms/image/v2/D4E0BAQG8McncY68a0g/company-logo_100_100/company-logo_100_100/0/1729097379577?e=2147483647&v=beta&t=Y0RdERS2w4KwoixwmgBabzXW8TrZZMSQRkSt84_VRqk,stage science de données,France
STAGE – Assistant Chef de Produit Marketing - NETVIBES (F/H),Dassault Systèmes,"Vélizy-Villacoublay, Île-de-France, France",https://fr.linkedin.com/jobs/view/stage-%E2%80%93-assistant-chef-de-produit-marketing-netvibes-f-h-at-dassault-syst%C3%A8mes-4297559459,,https://media.licdn.com/dms/image/v2/C560BAQHroRzeNTva6Q/company-logo_100_100/company-logo_100_100/0/1631330934922?e=2147483647&v=beta&t=Y_LaLgUh3t_AY4PloiAtAbGGfEr2fGl7C4_RBhQ7Vok,stage science de données,France
STAGE - ML/IA Mapping - H/F,TotalEnergies,"Pau, Nouvelle-Aquitaine, France",https://fr.linkedin.com/jobs/view/stage-ml-ia-mapping-h-f-at-totalenergies-4312705957,,https://media.licdn.com/dms/image/v2/C4D0BAQGfwFj7jhhQJg/company-logo_100_100/company-logo_100_100/0/1630529979109/totalenergies_logo?e=2147483647&v=beta&t=i5JO4SHN-1X6Cq9d0csqaCRqLo3oF81TOH8goFSDfCg,stage science de données,France
Stage Data Science / Reconnaissance d’Images (H/F),Urgo Medical,"Paris, Île-de-France, France",https://fr.linkedin.com/jobs/view/stage-data-science-reconnaissance-d%E2%80%99images-h-f-at-urgo-medical-4314242562,,https://media.licdn.com/dms/image/v2/D4E0BAQFSXJNwgTDtAg/company-logo_100_100/B4EZkOi8yfIIAQ-/0/1756885667321/urgomedical_logo?e=2147483647&v=beta&t=G8drZN6jETdkigQjsG0AXzgcmiQ4eLE1y3hTesaH2fI,stage science de données,France
Stagiaire Data Science (conventionné) - H/F,DMAX,"Grenade, Occitanie, France",https://fr.linkedin.com/jobs/view/stagiaire-data-science-conventionn%C3%A9-h-f-at-dmax-4314718747,,https://media.licdn.com/dms/image/v2/C4E0BAQFj0WHKKlaA0w/company-logo_100_100/company-logo_100_100/0/1630566521498/d_max_dmnagement_premium_logo?e=2147483647&v=beta&t=HUu-7E_-pPqPpeBegxQHlUgpFfoWI5ZcwgFkx2QxZ68,stage science de données,France
Stagiaire Data Scientist,FretBay,"Paris, Île-de-France, France",https://fr.linkedin.com/jobs/view/stagiaire-data-scientist-at-fretbay-4156119766,,https://media.licdn.com/dms/image/v2/C4D0BAQEu1YqzeWPI9Q/company-logo_100_100/company-logo_100_100/0/1630525506823/fretbay_logo?e=2147483647&v=beta&t=RWpy7Uoc-Bzk3FajJhkcI4203AFtO5w7YKG3Biktegg,stage science de données,France
Stage – Assistant.e IA & Data Science (H/F/X) - Septembre 2025,CHANEL,"Neuilly-sur-Seine, Île-de-France, France",https://fr.linkedin.com/jobs/view/stage-%E2%80%93-assistant-e-ia-data-science-h-f-x-septembre-2025-at-chanel-4203538132,,https://media.licdn.com/dms/image/v2/D4E0BAQG8McncY68a0g/company-logo_100_100/company-logo_100_100/0/1729097379577?e=2147483647&v=beta&t=Y0RdERS2w4KwoixwmgBabzXW8TrZZMSQRkSt84_VRqk,stage science de données,France
Stage IA – Data Science / Cohérence des Données,Aubay,"Boulogne-Billancourt, Île-de-France, France",https://fr.linkedin.com/jobs/view/stage-ia-%E2%80%93-data-science-coh%C3%A9rence-des-donn%C3%A9es-at-aubay-4302656258,,https://media.licdn.com/dms/image/v2/C4D0BAQG5UZ9zudc09Q/company-logo_100_100/company-logo_100_100/0/1642171379742/aubay_logo?e=2147483647&v=beta&t=MKYw_j9YCUtqPbtuFKh20rnqOGiEpOf1tKAziIsRruc,stage science de données,France
STAGE – DATA SCIENTIST – JANVIER 2026,Parfums Christian Dior,"Neuilly-sur-Seine, Île-de-France, France",https://fr.linkedin.com/jobs/view/stage-%E2%80%93-data-scientist-%E2%80%93-janvier-2026-at-parfums-christian-dior-4289929837,,https://media.licdn.com/dms/image/v2/C4E0BAQH5vg_hGc0meg/company-logo_100_100/company-logo_100_100/0/1630567808861/parfums_christian_dior_logo?e=2147483647&v=beta&t=neV5OzXhHKOFBpW-3Z6F-EV5BktqeudEdj7Zw4Kwu3c,stage science de données,France
STAGE - Data scientist & IA (F/H),Dassault Systèmes,"Vélizy-Villacoublay, Île-de-France, France",https://fr.linkedin.com/jobs/view/stage-data-scientist-ia-f-h-at-dassault-syst%C3%A8mes-4315687706,,https://media.licdn.com/dms/image/v2/C560BAQHroRzeNTva6Q/company-logo_100_100/company-logo_100_100/0/1631330934922?e=2147483647&v=beta&t=Y_LaLgUh3t_AY4PloiAtAbGGfEr2fGl7C4_RBhQ7Vok,stage science de données,France
STAGE - AI Engineer / Data Scientist Consultant,Quickscale AI,"Paris, Île-de-France, France",https://fr.linkedin.com/jobs/view/stage-ai-engineer-data-scientist-consultant-at-quickscale-ai-4315863674,,https://media.licdn.com/dms/image/v2/D4E0BAQEAeZ8fEHqzPA/company-logo_100_100/company-logo_100_100/0/1736781625210/quickscale_ai_logo?e=2147483647&v=beta&t=5X1hKDyQPzXuwEJ2CTwJVTASd9-XA4u8NNoa50iZFNQ,stage science de données,France
STAGE - Ingénieur de recherche Deep learning (F/H),Dassault Systèmes,"Vélizy-Villacoublay, Île-de-France, France",https://fr.linkedin.com/jobs/view/stage-ing%C3%A9nieur-de-recherche-deep-learning-f-h-at-dassault-syst%C3%A8mes-4297560328,,https://media.licdn.com/dms/image/v2/C560BAQHroRzeNTva6Q/company-logo_100_100/company-logo_100_100/0/1631330934922?e=2147483647&v=beta&t=Y_LaLgUh3t_AY4PloiAtAbGGfEr2fGl7C4_RBhQ7Vok,stage science de données,France
Stage H/F – toxicologie,LVMH RECHERCHE,"Neuilly-sur-Seine, Île-de-France, France",https://fr.linkedin.com/jobs/view/stage-h-f-%E2%80%93-toxicologie-at-lvmh-recherche-4310205474,,https://media.licdn.com/dms/image/v2/D4E0BAQEBObz-ajxCUA/company-logo_100_100/company-logo_100_100/0/1697611501321/lvmh_recherche_logo?e=2147483647&v=beta&t=6YOpjQJydWMMjwdHAA9Y5GGz9p7Ri_-_IcD9tgxwubI,stage science de données,France
Stage 2026 - Data Scientist - Quantification financière des risques (H/F),Airbus Protect,Greater Toulouse Metropolitan Area,https://fr.linkedin.com/jobs/view/stage-2026-data-scientist-quantification-financi%C3%A8re-des-risques-h-f-at-airbus-protect-4316327433,,https://media.licdn.com/dms/image/v2/C4E0BAQEyHmYu_u7sdg/company-logo_100_100/company-logo_100_100/0/1657697286504?e=2147483647&v=beta&t=uQrmIHlfyNf-g4jYL3vceEeSCXomiwFkfY-fyCE5sA4,stage science de données,France
Machine Learning Engineer  (H/F) | Stage,DataScientest.com,"Puteaux, Île-de-France, France",https://fr.linkedin.com/jobs/view/machine-learning-engineer-h-f-stage-at-datascientest-com-4275218167,,https://media.licdn.com/dms/image/v2/C4D0BAQFMY6ii33onkg/company-logo_100_100/company-logo_100_100/0/1635173541364/datascientest_logo?e=2147483647&v=beta&t=EP_8ZY-0TxSz-yvqbU_OrcipG3hjRDAJPFmBBK098sc,stage science de données,France
Stage - Data Scientist - H/F,NAVAL GROUP,"Ollioules, Provence-Alpes-Côte d'Azur, France",https://fr.linkedin.com/jobs/view/stage-data-scientist-h-f-at-naval-group-4311444325,,https://media.licdn.com/dms/image/v2/C4D0BAQEfkPHw7TltyA/company-logo_100_100/company-logo_100_100/0/1631330697662?e=2147483647&v=beta&t=88yfYWsSVCAzAVAhFdJBuh90cd9SXMQGfGDR8UrrCYE,stage science de données,France
Stage Data science - R&D en Systèmes de Recommandation,pass Culture,Greater Paris Metropolitan Region,https://fr.linkedin.com/jobs/view/stage-data-science-r-d-en-syst%C3%A8mes-de-recommandation-at-pass-culture-4291564548,,https://media.licdn.com/dms/image/v2/D4E0BAQFqvMjNQ468yg/company-logo_100_100/company-logo_100_100/0/1666000495705/pass_culture_logo?e=2147483647&v=beta&t=wOyWSX3AJQ6n3RK06SGS4m-cczZEbOgjrltZD0pk4JI,stage science de données,France
Stage - Data Scientist Expérimentations IA Retail (H/F),Hermès,"Pantin, Île-de-France, France",https://fr.linkedin.com/jobs/view/stage-data-scientist-exp%C3%A9rimentations-ia-retail-h-f-at-herm%C3%A8s-4304249209,,https://media.licdn.com/dms/image/v2/C4E0BAQEEwTOnwK5sGA/company-logo_100_100/company-logo_100_100/0/1630598689086/hermes_group_logo?e=2147483647&v=beta&t=erRmDzC8cF_t1J-L0ANNQsjmY0sfptnarv5NuqBpEQ8,stage science de données,France
Stage : Traitement d'images et de données appliqué à la prédiction de la phénologie des arbres fruitiers,INRAE,"Clermont-Ferrand, Auvergne-Rhône-Alpes, France",https://fr.linkedin.com/jobs/view/stage-traitement-d-images-et-de-donn%C3%A9es-appliqu%C3%A9-%C3%A0-la-pr%C3%A9diction-de-la-ph%C3%A9nologie-des-arbres-fruitiers-at-inrae-4315683571,,https://media.licdn.com/dms/image/v2/C560BAQE5fiJHElSmew/company-logo_100_100/company-logo_100_100/0/1630615479954/test_science_logo?e=2147483647&v=beta&t=QW2TNxRTgWD-UnsB-V9bsYtSyZEnw9lZYwVJJIjoUcY,stage science de données,France
Data scientist/chargé d’études actuarielles junior (F/H) - stage,AXA en France,"Nanterre, Île-de-France, France",https://fr.linkedin.com/jobs/view/data-scientist-charg%C3%A9-d%E2%80%99%C3%A9tudes-actuarielles-junior-f-h-stage-at-axa-en-france-4314816942,,https://media.licdn.com/dms/image/v2/D4E0BAQFbntrNbMkelA/company-logo_100_100/B4EZh6ZrVbHgAU-/0/1754400209225/axa_france_logo?e=2147483647&v=beta&t=ttDFlhaKvJCVPN-Ry8dnxBEb-cqb_sJfBGiamqjy9hg,stage science de données,France
STAGE - Data Scientist (H/F/X) - Janvier 2026,Bel,"Suresnes, Île-de-France, France",https://fr.linkedin.com/jobs/view/stage-data-scientist-h-f-x-janvier-2026-at-bel-4300080250,,https://media.licdn.com/dms/image/v2/C4E0BAQHNijdm31HnFA/company-logo_100_100/company-logo_100_100/0/1630604799420/belcorporate_logo?e=2147483647&v=beta&t=5M7fxZJQr9Yxt3vM752ssYjh3HXsFAsP2GuiCu_FJ1U,stage science de données,France
Stage : Ingénieur Data Science AIDA,Stellantis,"Poissy, Île-de-France, France",https://fr.linkedin.com/jobs/view/stage-ing%C3%A9nieur-data-science-aida-at-stellantis-4306516569,,https://media.licdn.com/dms/image/v2/C4D0BAQHURyWugU5A4g/company-logo_100_100/company-logo_100_100/0/1630577492034/stellantis_logo?e=2147483647&v=beta&t=cFDtEgXS8rw4smbXTD-xIhe18G-blHN38fuXk4a-bE4,stage science de données,France
Stage - Modélisation de l’espace latent pour les modèles de Deep Learning utilisés en segmentation d’instances H/F,LNE,"Trappes, Île-de-France, France",https://fr.linkedin.com/jobs/view/stage-mod%C3%A9lisation-de-l%E2%80%99espace-latent-pour-les-mod%C3%A8les-de-deep-learning-utilis%C3%A9s-en-segmentation-d%E2%80%99instances-h-f-at-lne-4314170311,,https://media.licdn.com/dms/image/v2/C560BAQET4rTfj_Dv_g/company-logo_100_100/company-logo_100_100/0/1634131028759/lne_logo?e=2147483647&v=beta&t=Etr69CSCTiVHh2M63YnumJJdl9tl_78Sv8aw89av1Jc,stage science de données,France
Stage - Data & Intelligence Artificielle,Nobori Partners,"Paris, Île-de-France, France",https://fr.linkedin.com/jobs/view/stage-data-intelligence-artificielle-at-nobori-partners-4307041396,,https://media.licdn.com/dms/image/v2/C560BAQF5gWyqdU9FMw/company-logo_100_100/company-logo_100_100/0/1641573960350/nobori_partners_logo?e=2147483647&v=beta&t=px-FeckdgOOvS-tH1YWLKXQyqGjMHxouOEVFFqVxILQ,stage science de données,France
Stage M2 : Nouvelles approches pour l’évaluation de la sévérité des feux de forêts extrêmes.,INRAE,"Provence-Alpes-Côte d'Azur, France",https://fr.linkedin.com/jobs/view/stage-m2-nouvelles-approches-pour-l%E2%80%99%C3%A9valuation-de-la-s%C3%A9v%C3%A9rit%C3%A9-des-feux-de-for%C3%AAts-extr%C3%AAmes-at-inrae-4311541999,,https://media.licdn.com/dms/image/v2/C560BAQE5fiJHElSmew/company-logo_100_100/company-logo_100_100/0/1630615479954/test_science_logo?e=2147483647&v=beta&t=QW2TNxRTgWD-UnsB-V9bsYtSyZEnw9lZYwVJJIjoUcY,stage science de données,France
Stage BAC+5 - Data Science Sequencing F/H/D,bioMérieux,"Marcy-l’Étoile, Auvergne-Rhône-Alpes, France",https://fr.linkedin.com/jobs/view/stage-bac%2B5-data-science-sequencing-f-h-d-at-biom%C3%A9rieux-4311150077,,https://media.licdn.com/dms/image/v2/C4D0BAQE1j2CLl4BjUg/company-logo_100_100/company-logo_100_100/0/1631352704212?e=2147483647&v=beta&t=Md6okYjfSBZV-DV3NiTnFOIT3ShnqrpqNA0dFyK_bxU,stage science de données,France
Alternant Data scientist - H/F,SUEZ,France,https://fr.linkedin.com/jobs/view/alternant-data-scientist-h-f-at-suez-4280238766,,https://media.licdn.com/dms/image/v2/C4D0BAQGvuEpZCYmvnA/company-logo_100_100/company-logo_100_100/0/1631350693514?e=2147483647&v=beta&t=mQ8w_jtUTW_2aJmDvSvD5ZyaEm7Dx3hTSBdETPNFWNE,stage science de données,France
Stage développeur Python (H-F),CESI,"Saint-Étienne-du-Rouvray, Normandy, France",https://fr.linkedin.com/jobs/view/stage-d%C3%A9veloppeur-python-h-f-at-cesi-4308941607,,https://media.licdn.com/dms/image/v2/D4E0BAQFCtXlYLH5E8w/company-logo_100_100/company-logo_100_100/0/1665571254273/cesi_officiel_logo?e=2147483647&v=beta&t=uzJDqfMM8lDHdfRKurzEMTLYQba1t1-I06ZPABG8c98,stage science de données,France
Stage BAC+5 - Data Science - Computer Vision - F/H/D,bioMérieux,"Marcy-l’Étoile, Auvergne-Rhône-Alpes, France",https://fr.linkedin.com/jobs/view/stage-bac%2B5-data-science-computer-vision-f-h-d-at-biom%C3%A9rieux-4312317601,,https://media.licdn.com/dms/image/v2/C4D0BAQE1j2CLl4BjUg/company-logo_100_100/company-logo_100_100/0/1631352704212?e=2147483647&v=beta&t=Md6okYjfSBZV-DV3NiTnFOIT3ShnqrpqNA0dFyK_bxU,stage science de données,France
STAGE - Innovation Digitale & Intelligence Artificielle.,Stellantis,"Poissy, Île-de-France, France",https://fr.linkedin.com/jobs/view/stage-innovation-digitale-intelligence-artificielle-at-stellantis-4312747698,,https://media.licdn.com/dms/image/v2/C4D0BAQHURyWugU5A4g/company-logo_100_100/company-logo_100_100/0/1630577492034/stellantis_logo?e=2147483647&v=beta&t=cFDtEgXS8rw4smbXTD-xIhe18G-blHN38fuXk4a-bE4,stage science de données,France
STAGE - Ingénieure / Ingénieur en data science,ArianeGroup,"Le Haillan, Nouvelle-Aquitaine, France",https://fr.linkedin.com/jobs/view/stage-ing%C3%A9nieure-ing%C3%A9nieur-en-data-science-at-arianegroup-4314288690,,https://media.licdn.com/dms/image/v2/C4D0BAQFtxhWasktB-A/company-logo_100_100/company-logo_100_100/0/1630546950953/airbus_safran_launchers_logo?e=2147483647&v=beta&t=sDm4R-tAA805jsKaQGN2GrJojlmBJc7XMm0bBUeAFvo,stage science de données,France
STAGE - Data & Intelligence Artificielle,Stellantis,"Poissy, Île-de-France, France",https://fr.linkedin.com/jobs/view/stage-data-intelligence-artificielle-at-stellantis-4312757521,,https://media.licdn.com/dms/image/v2/C4D0BAQHURyWugU5A4g/company-logo_100_100/company-logo_100_100/0/1630577492034/stellantis_logo?e=2147483647&v=beta&t=cFDtEgXS8rw4smbXTD-xIhe18G-blHN38fuXk4a-bE4,stage science de données,France
Stage : Data scientist appliqué à la détection des défauts roulements EDM,Stellantis,"Poissy, Île-de-France, France",https://fr.linkedin.com/jobs/view/stage-data-scientist-appliqu%C3%A9-%C3%A0-la-d%C3%A9tection-des-d%C3%A9fauts-roulements-edm-at-stellantis-4306556217,,https://media.licdn.com/dms/image/v2/C4D0BAQHURyWugU5A4g/company-logo_100_100/company-logo_100_100/0/1630577492034/stellantis_logo?e=2147483647&v=beta&t=cFDtEgXS8rw4smbXTD-xIhe18G-blHN38fuXk4a-bE4,stage science de données,France
STAGE - Ingénieur de recherche en Machine learning (F/H),Dassault Systèmes,"Vélizy-Villacoublay, Île-de-France, France",https://fr.linkedin.com/jobs/view/stage-ing%C3%A9nieur-de-recherche-en-machine-learning-f-h-at-dassault-syst%C3%A8mes-4297278141,,https://media.licdn.com/dms/image/v2/C560BAQHroRzeNTva6Q/company-logo_100_100/company-logo_100_100/0/1631330934922?e=2147483647&v=beta&t=Y_LaLgUh3t_AY4PloiAtAbGGfEr2fGl7C4_RBhQ7Vok,stage science de données,France
Stage PFE - Ingénieur(e) Etudes - Intégration de l'IA H/F,TSO Rail Limited,"Île-de-France, France",https://fr.linkedin.com/jobs/view/stage-pfe-ing%C3%A9nieur-e-etudes-int%C3%A9gration-de-l-ia-h-f-at-tso-rail-limited-4316303026,,https://media.licdn.com/dms/image/v2/C4E0BAQG_2mZssE7QPw/company-logo_100_100/company-logo_100_100/0/1631330446430?e=2147483647&v=beta&t=gJcl_a47Z8odaSumw2WHLML6h-XUd7q8gAqOxIJCQ94,stage science de données,France
stage 6 mois – R&D modèles in vitro intestinaux,Sanofi,"Vitry-sur-Seine, Île-de-France, France",https://fr.linkedin.com/jobs/view/stage-6-mois-%E2%80%93-r-d-mod%C3%A8les-in-vitro-intestinaux-at-sanofi-4313093239,,https://media.licdn.com/dms/image/v2/D4E0BAQGxEjWY2RiNkw/company-logo_100_100/B4EZfGFRHYG4AQ-/0/1751374959593/sanofi_logo?e=2147483647&v=beta&t=frj8zJOxeOvIhJyWoQUPqe7Xo_DT5pPbiZhXj7M1evE,stage science de données,France
Software Engineering Intern (PFE),Y STRATEGIE,"Casablanca, Casablanca-Settat, Morocco",https://ma.linkedin.com/jobs/view/software-engineering-intern-pfe-at-y-strategie-4304055296,,https://media.licdn.com/dms/image/v2/C4D0BAQEU8wp9XWB3ow/company-logo_100_100/company-logo_100_100/0/1670408722377/y_strategie_logo?e=2147483647&v=beta&t=BNd4wDAegorGOVL8wwIrH89mOrYVKROoTABOkGBopew,machine learning internship,Morocco
Software/AI Engineer Intern,Mirage Metrics,Casablanca Metropolitan Area,https://ma.linkedin.com/jobs/view/software-ai-engineer-intern-at-mirage-metrics-4310112627,,https://media.licdn.com/dms/image/v2/D4E0BAQGReWu0c43rdg/company-logo_100_100/company-logo_100_100/0/1729536247485/miragemetrics_logo?e=2147483647&v=beta&t=v_ZziyE8LYt87oxH_Pff1O6IM03pz9yjP8iGJUBCSbc,machine learning internship,Morocco
MACHINE LEARNING RESEARCH INTERN,STATION F,"Paris, Île-de-France, France",https://fr.linkedin.com/jobs/view/machine-learning-research-intern-at-station-f-4313185668,,https://media.licdn.com/dms/image/v2/D4E0BAQG1F1nJoSebtA/company-logo_100_100/company-logo_100_100/0/1695105648393/stationf_logo?e=2147483647&v=beta&t=IKAvTakk1xWM0nGPSJFBqL-t4AiBrg_WMsi-o4fidME,machine learning internship,France
Machine Learning Research (M2) Intern,NuMind (YC S22),"Paris, Île-de-France, France",https://fr.linkedin.com/jobs/view/machine-learning-research-m2-intern-at-numind-yc-s22-4314190426,,https://media.licdn.com/dms/image/v2/C4E0BAQGxDsUWfxC0PA/company-logo_100_100/company-logo_100_100/0/1679493210471/numind_ai_logo?e=2147483647&v=beta&t=UhlSCz5JLJC5hJ9mOHKfScwCuUeW6ubAXWGzj0p9vy0,machine learning internship,France
Machine Learning Intern - MLOps and LORA training,Moments Lab,"Boulogne-Billancourt, Île-de-France, France",https://fr.linkedin.com/jobs/view/machine-learning-intern-mlops-and-lora-training-at-moments-lab-4309858601,,https://media.licdn.com/dms/image/v2/D4D0BAQHlVvXn-8Mdtw/company-logo_100_100/company-logo_100_100/0/1710826370647/momentslab_logo?e=2147483647&v=beta&t=i7VOp8WzSGbBNxJ5gKH1XL6oA3jb03y4xPXEtT49afo,machine learning internship,France
Machine Learning Research Intern,Joko,"Paris, Île-de-France, France",https://fr.linkedin.com/jobs/view/machine-learning-research-intern-at-joko-4305736238,,https://media.licdn.com/dms/image/v2/C4E0BAQHQjoMwGfeSzQ/company-logo_100_100/company-logo_100_100/0/1656673817265/jokoapp_logo?e=2147483647&v=beta&t=pu4uYS_nw1GKPF6z9bEsKoIWY56FJff-AESebpX3YSY,machine learning internship,France
"Applied Scientist Intern - Paris, France",Entrust,"Paris, Île-de-France, France",https://fr.linkedin.com/jobs/view/applied-scientist-intern-paris-france-at-entrust-4308801535,,https://media.licdn.com/dms/image/v2/D560BAQFsJa-zzF7kyw/company-logo_100_100/company-logo_100_100/0/1724085708811/entrust_logo?e=2147483647&v=beta&t=r4Q1KHdjMEoEEZ2sPseOGSGYPw9dDrcQYyoiLP0V7o4,machine learning internship,France
Internship - Data collection - ML (H/F),Withings,"Issy-les-Moulineaux, Île-de-France, France",https://fr.linkedin.com/jobs/view/internship-data-collection-ml-h-f-at-withings-4310211664,,https://media.licdn.com/dms/image/v2/D4E0BAQG9xgSOTRGy2g/company-logo_100_100/company-logo_100_100/0/1681803337975/withings_logo?e=2147483647&v=beta&t=SCb6VtuXovkAmjZ6Ya8DMlAIdHEvZcmUYMOgciCVtyI,machine learning internship,France
Data Scientist Intern,Dataiku,"Paris, Île-de-France, France",https://fr.linkedin.com/jobs/view/data-scientist-intern-at-dataiku-4305347501,,https://media.licdn.com/dms/image/v2/D4E0BAQF79J2ze0Dr_Q/company-logo_100_100/B4EZeifTFHHcAY-/0/1750777803580/dataiku_logo?e=2147483647&v=beta&t=r8C8V2uyoiwCaf_TGFArMWdqvI82qV-yig2MmhwEz0k,machine learning internship,France
Data Scientist Internship - End of studies - January 2026 (6 months),Shift Technology,"Paris, Île-de-France, France",https://fr.linkedin.com/jobs/view/data-scientist-internship-end-of-studies-january-2026-6-months-at-shift-technology-4298736432,,https://media.licdn.com/dms/image/v2/C4E0BAQHyhZz2XHnAhg/company-logo_100_100/company-logo_100_100/0/1647368280510/shift_technology_logo?e=2147483647&v=beta&t=tXqeeOwXma1EcK5QNV64JNmTq6xu6dtvZb85LMo5NyU,machine learning internship,France
INTERNSHIP - Data scientist & AI,Amadeus,"Nice, Provence-Alpes-Côte d'Azur, France",https://fr.linkedin.com/jobs/view/internship-data-scientist-ai-at-amadeus-4310149479,,https://media.licdn.com/dms/image/v2/D4D0BAQG4fET5G1jx8w/company-logo_100_100/company-logo_100_100/0/1698053556150/amadeus_logo?e=2147483647&v=beta&t=9KQZUvxrvuBQU04wnuiW73aNaxlN6_8K2KMeIr3Tli4,machine learning internship,France
Internship - Software Engineer - Final Year,Alpic,"Paris, Île-de-France, France",https://fr.linkedin.com/jobs/view/internship-software-engineer-final-year-at-alpic-4289302167,,https://media.licdn.com/dms/image/v2/D4D0BAQEgY7U2suLOQA/company-logo_100_100/B4DZjv42AqIEAU-/0/1756371313165/alpic_ai_logo?e=2147483647&v=beta&t=Hy3S2GEeGWuqyFz16Nwh5lW2_bPonMCyUB-7ghvRvjE,machine learning internship,France
Analytics Engineer AI Intern,Back Market,"Bordeaux, Nouvelle-Aquitaine, France",https://fr.linkedin.com/jobs/view/analytics-engineer-ai-intern-at-back-market-4314824039,,https://media.licdn.com/dms/image/v2/D4E0BAQHRv6UClt5D2g/company-logo_100_100/B4EZnoUG3tKgAQ-/0/1760539209613/back_market_logo?e=2147483647&v=beta&t=xgfKyuOZBy8jM1aUZw2iET21tGh6KjYW9NWm1xPPr5g,machine learning internship,France
Software Engineer Internship (6 months),Alan,"Paris, Île-de-France, France",https://fr.linkedin.com/jobs/view/software-engineer-internship-6-months-at-alan-4308983932,,https://media.licdn.com/dms/image/v2/D4D0BAQHC5r2QBWDy8w/company-logo_100_100/company-logo_100_100/0/1667470432110/avec_alan_logo?e=2147483647&v=beta&t=uJFnYU0Yb4LqHVpU5oMOcedSfP-SEbhKsOk5s5iPA1Y,machine learning internship,France
Operations Research Scientist - Internship,Hexaly,"Paris, Île-de-France, France",https://fr.linkedin.com/jobs/view/operations-research-scientist-internship-at-hexaly-4306285008,,https://media.licdn.com/dms/image/v2/D4E0BAQHNTr9t5LVR1Q/company-logo_100_100/company-logo_100_100/0/1701423315486/hexaly_logo?e=2147483647&v=beta&t=1XIvNujCHh4pdf-Bk2g_5DW0bbZbKJnQFRQ-gZqt2ks,machine learning internship,France
6 months internship - AI product engineering,Sanofi,"Lyon, Auvergne-Rhône-Alpes, France",https://fr.linkedin.com/jobs/view/6-months-internship-ai-product-engineering-at-sanofi-4312262200,,https://media.licdn.com/dms/image/v2/D4E0BAQGxEjWY2RiNkw/company-logo_100_100/B4EZfGFRHYG4AQ-/0/1751374959593/sanofi_logo?e=2147483647&v=beta&t=frj8zJOxeOvIhJyWoQUPqe7Xo_DT5pPbiZhXj7M1evE,machine learning internship,France
2026 Intern - Research Scientist,Adobe,"Paris, Île-de-France, France",https://fr.linkedin.com/jobs/view/2026-intern-research-scientist-at-adobe-4309786486,,https://media.licdn.com/dms/image/v2/C560BAQFrtK-ioO1rsQ/company-logo_100_100/company-logo_100_100/0/1630645864762/adobe_logo?e=2147483647&v=beta&t=Vg0IkCp055jxAgqs_f7eIDMneyo1NkTWSvyAMoqnhd8,machine learning internship,France
Reinforcement Learning Research Intern for Game AI,Sony Europe,"Puteaux, Île-de-France, France",https://fr.linkedin.com/jobs/view/reinforcement-learning-research-intern-for-game-ai-at-sony-europe-4286924679,,https://media.licdn.com/dms/image/v2/C4D0BAQEfPJtf0fPSwQ/company-logo_100_100/company-logo_100_100/0/1650627226543?e=2147483647&v=beta&t=zpJBpqnt0iQqKL-WIK03xiFH-XtUH9VYZdYxPWRD26c,machine learning internship,France
Masters Intern - Research (Neural Network) - 6 months,PQShield,"Paris, Île-de-France, France",https://fr.linkedin.com/jobs/view/masters-intern-research-neural-network-6-months-at-pqshield-4315159623,,https://media.licdn.com/dms/image/v2/D4E0BAQGlQzfbDEgu_A/company-logo_100_100/company-logo_100_100/0/1696930282606/pqshield_logo?e=2147483647&v=beta&t=jgHCsSz9ywqGmyLAiJ02eSh37UHCEZ0sFcWsdb5noCA,machine learning internship,France
"Research Scientist Intern, Alignment - Brain and AI (PhD) (Paris)",Meta,"Paris, Île-de-France, France",https://fr.linkedin.com/jobs/view/research-scientist-intern-alignment-brain-and-ai-phd-paris-at-meta-4312444506,,https://media.licdn.com/dms/image/v2/D560BAQHBmbxCDP0JQQ/company-logo_100_100/B56ZlkdQSaI8AQ-/0/1758327015620/meta_logo?e=2147483647&v=beta&t=wKpKTUGAcanUzVRxCutYYO3NJ_Etr5c4n2AbPyOu260,machine learning internship,France
Applied Science Intern,Datadog,"Paris, Île-de-France, France",https://fr.linkedin.com/jobs/view/applied-science-intern-at-datadog-4297598822,,https://media.licdn.com/dms/image/v2/C560BAQFLwWfI6v1OPA/company-logo_100_100/company-logo_100_100/0/1657564322231/datadog_logo?e=2147483647&v=beta&t=dlPW8v-g84slr8mZQWdDifOplkT2MTCKM0ctVSBhkdU,machine learning internship,France
INTERNSHIP - Software engineer,Amadeus,"Nice, Provence-Alpes-Côte d'Azur, France",https://fr.linkedin.com/jobs/view/internship-software-engineer-at-amadeus-4310122768,,https://media.licdn.com/dms/image/v2/D4D0BAQG4fET5G1jx8w/company-logo_100_100/company-logo_100_100/0/1698053556150/amadeus_logo?e=2147483647&v=beta&t=9KQZUvxrvuBQU04wnuiW73aNaxlN6_8K2KMeIr3Tli4,machine learning internship,France
"Intern, Software Development",Symphony,"Sophia Antipolis, Provence-Alpes-Côte d'Azur, France",https://fr.linkedin.com/jobs/view/intern-software-development-at-symphony-4306734016,,https://media.licdn.com/dms/image/v2/D560BAQEj0XEBQJCPqQ/company-logo_100_100/company-logo_100_100/0/1719837522360/symphonycomm_logo?e=2147483647&v=beta&t=SYRuEUvtlQA6_qdpz_0XvpQ-wksZqkvmdy43gENxUug,machine learning internship,France
N/A,N/A,N/A,https://fr.linkedin.com/in/clotilde-lange,,https://static.licdn.com/aero-v1/sc/h/9c8pery4andzj6ohjkjp54ma2,machine learning internship,France
Data Engineer - 6-months internship from September 2025,Continuity,"Paris, Île-de-France, France",https://fr.linkedin.com/jobs/view/data-engineer-6-months-internship-from-september-2025-at-continuity-4304091032,,https://media.licdn.com/dms/image/v2/D4E0BAQEluaLtdBkgcw/company-logo_100_100/company-logo_100_100/0/1666182600275/continuity_tech_logo?e=2147483647&v=beta&t=iuATCMoqQi4PskuQsHTH_FrdYC1DQRurnpw1uijzFEw,data engineering internship,France
Internship : Data & AI Governance - F/M,Technip Energies,"Paris, Île-de-France, France",https://fr.linkedin.com/jobs/view/internship-data-ai-governance-f-m-at-technip-energies-4293816302,,https://media.licdn.com/dms/image/v2/D4E0BAQG808USRn4w-w/company-logo_100_100/B4EZXsFO6VGYAU-/0/1743422550086/technip_energies_logo?e=2147483647&v=beta&t=-DowELVNkKCQUI8q-KtgEHrK3Dl5z3qQFBVAXIo14YU,data engineering internship,France
Quantitative Developer Intern,Tower Research Capital,"Paris, Île-de-France, France",https://fr.linkedin.com/jobs/view/quantitative-developer-intern-at-tower-research-capital-4257716188,,https://media.licdn.com/dms/image/v2/D560BAQH9QThxrRsKZQ/company-logo_100_100/company-logo_100_100/0/1725920289397/tower_research_capital_logo?e=2147483647&v=beta&t=zP8rmhTpOcnUVZVDf2udD9xmEKiLPveVZH6cG4kbs6g,data engineering internship,France
Product Engineer (Internship),Greenly | Certified B Corp,"Paris, Île-de-France, France",https://fr.linkedin.com/jobs/view/product-engineer-internship-at-greenly-certified-b-corp-4304053893,,https://media.licdn.com/dms/image/v2/D560BAQFsqDKQbiz2qg/company-logo_100_100/B56Zku6v7OKAAQ-/0/1757428777760/greenly_earth_logo?e=2147483647&v=beta&t=Xw4qlhccIO_P4B5nDcKkFh9dgueRuX-b7eUu-aeNiOw,data engineering internship,France
Founders' Associate (Engineering Internship),Greenly | Certified B Corp,"Paris, Île-de-France, France",https://fr.linkedin.com/jobs/view/founders-associate-engineering-internship-at-greenly-certified-b-corp-4307941701,,https://media.licdn.com/dms/image/v2/D560BAQFsqDKQbiz2qg/company-logo_100_100/B56Zku6v7OKAAQ-/0/1757428777760/greenly_earth_logo?e=2147483647&v=beta&t=Xw4qlhccIO_P4B5nDcKkFh9dgueRuX-b7eUu-aeNiOw,data engineering internship,France
Internship - Technology & Market Analyst,Yole Group,"Villeurbanne, Auvergne-Rhône-Alpes, France",https://fr.linkedin.com/jobs/view/internship-technology-market-analyst-at-yole-group-4303633365,,https://media.licdn.com/dms/image/v2/C4E0BAQGzVE-RLbuI4w/company-logo_100_100/company-logo_100_100/0/1654094767798/yole_group_logo?e=2147483647&v=beta&t=RGxFD4_bpFYWMiUSumXGbGXUexcL_qc2-_54VLCcEl8,data engineering internship,France
Computational Design Intern – SDIC (F/M),Samsung Electronics France,"Paris, Île-de-France, France",https://fr.linkedin.com/jobs/view/computational-design-intern-%E2%80%93-sdic-f-m-at-samsung-electronics-france-4308026452,,https://media.licdn.com/dms/image/v2/D4E0BAQGhPbi42ky3sQ/company-logo_100_100/company-logo_100_100/0/1690535122182/samsung_electronics_france_logo?e=2147483647&v=beta&t=gXFyj70dAjV4ALk84zXhN3pVlLO755neZL_6mU8dIaY,data engineering internship,France
Market Research Analyst Intern (Space Weather),Augura Space,"Paris, Île-de-France, France",https://fr.linkedin.com/jobs/view/market-research-analyst-intern-space-weather-at-augura-space-4310126672,,https://media.licdn.com/dms/image/v2/D4E0BAQHjd9D1aznJ-A/company-logo_100_100/company-logo_100_100/0/1734392606891/augura_space_logo?e=2147483647&v=beta&t=59CVDuW-8ooNTWy5XzyD3cXXAJeUWf-GHJVRoeo6c8A,data engineering internship,France
Internship - Data Catalog -Project Manager Junior,Energy Job Search,"Marseille, Provence-Alpes-Côte d'Azur, France",https://fr.linkedin.com/jobs/view/internship-data-catalog-project-manager-junior-at-energy-job-search-4315543472,,https://media.licdn.com/dms/image/v2/D4E0BAQEpHgtle8a4gw/company-logo_100_100/company-logo_100_100/0/1731937636927/energy_job_search_logo?e=2147483647&v=beta&t=klBoS42mhrpCk-Z_L7Slt02AorekbFTmjKkSdY69jM8,data engineering internship,France
Internship: Device Theory Team,Quandela,"Massy, Île-de-France, France",https://fr.linkedin.com/jobs/view/internship-device-theory-team-at-quandela-4309781229,,https://media.licdn.com/dms/image/v2/D4E0BAQGrGVccjEOB0g/company-logo_100_100/company-logo_100_100/0/1728909616156/quandela_logo?e=2147483647&v=beta&t=BVERWURqup93JFsftmQUH_8G2AyOpSHUPLOfb81C6dY,data engineering internship,France
INTERNSHIP - Supply Chain Transformation & Master Data Manager (M/F/X) - JANUARY 2026,Bel,"Suresnes, Île-de-France, France",https://fr.linkedin.com/jobs/view/internship-supply-chain-transformation-master-data-manager-m-f-x-january-2026-at-bel-4295088267,,https://media.licdn.com/dms/image/v2/C4E0BAQHNijdm31HnFA/company-logo_100_100/company-logo_100_100/0/1630604799420/belcorporate_logo?e=2147483647&v=beta&t=5M7fxZJQr9Yxt3vM752ssYjh3HXsFAsP2GuiCu_FJ1U,data engineering internship,France
Internship: Investigation and consolidation of project data - F/M,Technip Energies,"Paris, Île-de-France, France",https://fr.linkedin.com/jobs/view/internship-investigation-and-consolidation-of-project-data-f-m-at-technip-energies-4305333897,,https://media.licdn.com/dms/image/v2/D4E0BAQG808USRn4w-w/company-logo_100_100/B4EZXsFO6VGYAU-/0/1743422550086/technip_energies_logo?e=2147483647&v=beta&t=-DowELVNkKCQUI8q-KtgEHrK3Dl5z3qQFBVAXIo14YU,data engineering internship,France
On-Premise AI Solutions - Internship Toulouse,La French Tech Taiwan,"Toulouse, Occitanie, France",https://fr.linkedin.com/jobs/view/on-premise-ai-solutions-internship-toulouse-at-la-french-tech-taiwan-4315289623,,https://media.licdn.com/dms/image/v2/C560BAQFO9YP67Hp2sA/company-logo_100_100/company-logo_100_100/0/1675332370314/frenchtech_taiwan_logo?e=2147483647&v=beta&t=wrulvgjnOtZTTtFEatBry3Okrb3otSTkJ-F9mTan-CA,data engineering internship,France
Product Intern (6 months),Blockchain.com,"Paris, Île-de-France, France",https://fr.linkedin.com/jobs/view/product-intern-6-months-at-blockchain-com-4302025945,,https://media.licdn.com/dms/image/v2/D4E0BAQEbDvK_i51RPw/company-logo_100_100/company-logo_100_100/0/1719851023063/blockchain_logo?e=2147483647&v=beta&t=0taStOKu4Z56ELtBplGuEgH0C3T9FAU8ZS7tUlU14ow,data engineering internship,France
Internship : Process Technology & Digitalization (F/M),Axens,"Rueil-Malmaison, Île-de-France, France",https://fr.linkedin.com/jobs/view/internship-process-technology-digitalization-f-m-at-axens-4312092227,,https://media.licdn.com/dms/image/v2/C560BAQGH6eacgiNGFg/company-logo_100_100/company-logo_100_100/0/1630566147437/axens_logo?e=2147483647&v=beta&t=TQHmCjjFM6VNVejA9Ne6UkNoYdfqt06SlolUhesIK34,data engineering internship,France
Product Engineer (Stage),Beamy,"Paris, Île-de-France, France",https://fr.linkedin.com/jobs/view/product-engineer-stage-at-beamy-4302563675,,https://media.licdn.com/dms/image/v2/D4E0BAQFtjHtQscvYgg/company-logo_100_100/company-logo_100_100/0/1726566370929/beamyio_logo?e=2147483647&v=beta&t=o5ZV-I1dvMgrWOelSxZZzK5-EIEWm9TAUT4b1LYwrTE,data engineering internship,France
Technology Associate Consultant - Internship,Manhattan Associates,"Paris, Île-de-France, France",https://fr.linkedin.com/jobs/view/technology-associate-consultant-internship-at-manhattan-associates-4291635246,,https://media.licdn.com/dms/image/v2/D4E0BAQHPIzcDAksFtA/company-logo_100_100/company-logo_100_100/0/1720455479490/manhattan_associates_logo?e=2147483647&v=beta&t=eyQeLxIJ-xOHN2fS4rcHSWknfvt0CW9FaN7_lsD_W4o,data engineering internship,France
Stage – Sales Business Analysis – January 2026,Guerlain,"Paris, Île-de-France, France",https://fr.linkedin.com/jobs/view/stage-%E2%80%93-sales-business-analysis-%E2%80%93-january-2026%E2%80%8B-at-guerlain-4313258396,,https://media.licdn.com/dms/image/v2/C4D0BAQFUiMfnhL0_gQ/company-logo_100_100/company-logo_100_100/0/1641476414704/guerlain_logo?e=2147483647&v=beta&t=f8zJQ7-ypEqRkKNMT4eHHV97sjoKKk4cxeREfqQalmA,data engineering internship,France
Applied sub-surface geophysics internship,Geomines,"Six-Fours-les-Plages, Provence-Alpes-Côte d'Azur, France",https://fr.linkedin.com/jobs/view/applied-sub-surface-geophysics-internship-at-geomines-4117955431,,https://media.licdn.com/dms/image/v2/C4D0BAQEaJLj2ctLdwA/company-logo_100_100/company-logo_100_100/0/1630517533996/geomines_logo?e=2147483647&v=beta&t=eHVLW0wVoAdmgkEyEKFc22mhAl1XvRr3JQL0stZeqSw,data engineering internship,France
Flight Data Monitoring -ATR - Intership -  Implementation of a 3D animation module,Airbus,"Toulouse, Occitanie, France",https://fr.linkedin.com/jobs/view/flight-data-monitoring-atr-intership-implementation-of-a-3d-animation-module-at-airbus-4299248658,,https://media.licdn.com/dms/image/v2/C4D0BAQF2j_LDG_TOzg/company-logo_100_100/company-logo_100_100/0/1631375371456/airbusgroup_logo?e=2147483647&v=beta&t=EndIJG29pwq698iB4dcza3K8EFEdyvkrxhRn2q8HVgE,data engineering internship,France
DEMAND PLANNING INTERN,Barilla Group,"Boulogne-Billancourt, Île-de-France, France",https://fr.linkedin.com/jobs/view/demand-planning-intern-at-barilla-group-4310855727,,https://media.licdn.com/dms/image/v2/C4D0BAQFSyiiLEk-mDw/company-logo_100_100/company-logo_100_100/0/1630544517619/barilla_group_logo?e=2147483647&v=beta&t=cRv_9-M_4kOX2MjwPiRffBZcHMxf2HvVu-dFTs51Koo,data engineering internship,France
Internship: Infrastructure Equity - 6 months (January - June),Schroders,"Paris, Île-de-France, France",https://fr.linkedin.com/jobs/view/internship-infrastructure-equity-6-months-january-june-at-schroders-4315183750,,https://media.licdn.com/dms/image/v2/D560BAQFXB5l7s3m4Iw/company-logo_100_100/B56ZfPSWXQHEAQ-/0/1751529386968/schroders_logo?e=2147483647&v=beta&t=TH_FkTHz6-UnwDAU2xpg_NUhR9JfRXb8vvWiqymKkQQ,data engineering internship,France
Payment & Fraud Management - Internship,Ankorstore,"Paris, Île-de-France, France",https://fr.linkedin.com/jobs/view/payment-fraud-management-internship-at-ankorstore-4265232437,,https://media.licdn.com/dms/image/v2/C4E0BAQF7hxcutJv2iQ/company-logo_100_100/company-logo_100_100/0/1651063122585/ankorstore_logo?e=2147483647&v=beta&t=_yaU3mjMp366UF9uG4W_mE7ddeqsX7beknApAgx0PHo,data engineering internship,France
R&D Embedded Performance Analysis - Internship Toulouse,EasyMile,"Toulouse, Occitanie, France",https://fr.linkedin.com/jobs/view/r-d-embedded-performance-analysis-internship-toulouse-at-easymile-4304241700,,https://media.licdn.com/dms/image/v2/C4D0BAQGoGxH16Y1Mvg/company-logo_100_100/company-logo_100_100/0/1631307903830?e=2147483647&v=beta&t=7vIsVq0IIMWYz-B9HvPOlwJCCiAsFOXcJQnOClGd2U8,data engineering internship,France
Growth Marketing Intern,Bonsai,"Paris, Île-de-France, France",https://fr.linkedin.com/jobs/view/growth-marketing-intern-at-bonsai-4295507804,,https://media.licdn.com/dms/image/v2/C4E0BAQETGbFwzL4VRA/company-logo_100_100/company-logo_100_100/0/1671632842622/bonsai_logo?e=2147483647&v=beta&t=Ag_3jtsKgHugfrxd3QjyidZ4w3V_evGopWAQV8rcz9A,data engineering internship,France
Internship: Inside Sales Engineer,Quandela,"Massy, Île-de-France, France",https://fr.linkedin.com/jobs/view/internship-inside-sales-engineer-at-quandela-4310970864,,https://media.licdn.com/dms/image/v2/D4E0BAQGrGVccjEOB0g/company-logo_100_100/company-logo_100_100/0/1728909616156/quandela_logo?e=2147483647&v=beta&t=BVERWURqup93JFsftmQUH_8G2AyOpSHUPLOfb81C6dY,data engineering internship,France
INTERNSHIP - Security engineer,Amadeus,"Nice, Provence-Alpes-Côte d'Azur, France",https://fr.linkedin.com/jobs/view/internship-security-engineer-at-amadeus-4310137644,,https://media.licdn.com/dms/image/v2/D4D0BAQG4fET5G1jx8w/company-logo_100_100/company-logo_100_100/0/1698053556150/amadeus_logo?e=2147483647&v=beta&t=9KQZUvxrvuBQU04wnuiW73aNaxlN6_8K2KMeIr3Tli4,data engineering internship,France
Technology & Projects Analyst - New Energies (Hydrogen),Vallourec,"Meudon, Île-de-France, France",https://fr.linkedin.com/jobs/view/technology-projects-analyst-new-energies-hydrogen-at-vallourec-4316093207,,https://media.licdn.com/dms/image/v2/C560BAQHDQGq3Ap4D9A/company-logo_100_100/company-logo_100_100/0/1631300527896?e=2147483647&v=beta&t=vPYE7MvHV8oGqbgL62md9iThOa0fm9BhFWjxjcRQzb0,data engineering internship,France
ATR - Stage Obsolescence Data Management,Airbus,"Toulouse, Occitanie, France",https://fr.linkedin.com/jobs/view/atr-stage-obsolescence-data-management-at-airbus-4299232713,,https://media.licdn.com/dms/image/v2/C4D0BAQF2j_LDG_TOzg/company-logo_100_100/company-logo_100_100/0/1631375371456/airbusgroup_logo?e=2147483647&v=beta&t=EndIJG29pwq698iB4dcza3K8EFEdyvkrxhRn2q8HVgE,data engineering internship,France
Product Owner Intern (January 2026),Philips,"Paris, Île-de-France, France",https://fr.linkedin.com/jobs/view/product-owner-intern-january-2026-at-philips-4311673175,,https://media.licdn.com/dms/image/v2/D4E0BAQFpB8fd3m9G0w/company-logo_100_100/company-logo_100_100/0/1737552865359/philips_logo?e=2147483647&v=beta&t=ofVCClHfl44rpskSlerFBlKtFP0YcncuUIJWOVhOttk,data engineering internship,France
Software Engineering Intern,Datadog,"Paris, Île-de-France, France",https://fr.linkedin.com/jobs/view/software-engineering-intern-at-datadog-4297612187,,https://media.licdn.com/dms/image/v2/C560BAQFLwWfI6v1OPA/company-logo_100_100/company-logo_100_100/0/1657564322231/datadog_logo?e=2147483647&v=beta&t=dlPW8v-g84slr8mZQWdDifOplkT2MTCKM0ctVSBhkdU,data engineering internship,France
"Business Analyst, Human Resources (Internship, Dec-May)",DNA Script,"Le Kremlin-Bicêtre, Île-de-France, France",https://fr.linkedin.com/jobs/view/business-analyst-human-resources-internship-dec-may-at-dna-script-4278918945,,https://media.licdn.com/dms/image/v2/C4D0BAQHZNGB6OgaHhA/company-logo_100_100/company-logo_100_100/0/1630568069261/dna_script_logo?e=2147483647&v=beta&t=GCV2wGvEUhESwJ1IrYvQWqh_PzjQAu4DgCzOBhEnWk0,data engineering internship,France
PRODUCT ENGINEER (STAGE),Le Village by CA Paris,"Paris, Île-de-France, France",https://fr.linkedin.com/jobs/view/product-engineer-stage-at-le-village-by-ca-paris-4303394204,,https://media.licdn.com/dms/image/v2/C560BAQFlGEYDEb8NJw/company-logo_100_100/company-logo_100_100/0/1631435825652/le_village_by_ca_logo?e=2147483647&v=beta&t=YCWYXlp4WxiIUxywmhi2C_eT8wvopzZ08CUbGah9IaE,data engineering internship,France